cpu_usage,memory_usage,pod_restarts,http_error_rate,p99_latency,availability,redis_latency,endpoint_latency,packet_loss
0.6567796610169491,45.67648461767725,0.0,0.0,17.19,100.0,9.403,7.72,0.0
0.6666666666666667,47.8866702907688,0.0,0.0,5.763,100.0,4.077,4.899,0.0
0.6666666666666667,47.8866702907688,0.0,0.0,11.63,100.0,6.791,6.65,0.0
0.6666666666666667,47.8866702907688,0.0,0.0,5.834,100.0,5.888,5.019,0.0
0.8713692946058091,49.03025212702337,0.0,0.0,8.807,100.0,5.065,6.35,0.0
0.8713692946058091,49.03025212702337,0.0,0.0,5.978,100.0,5.292,5.155,0.0
0.642570281124498,50.117124544157015,0.0,0.0,8.792,100.0,6.335,6.285,0.0
0.642570281124498,50.117124544157015,0.0,0.0,11.15,100.0,4.853,6.325,0.0
0.642570281124498,50.117124544157015,0.0,0.0,6.913,100.0,5.612,5.475,0.0
0.8064516129032258,52.15442707012226,0.0,0.0,8.262,100.0,6.848,5.94,0.0
