cpu_usage,memory_usage,pod_restarts,http_error_rate,p99_latency,availability,redis_latency,endpoint_latency,packet_loss
43,51,0,0.1,81,99.9,3,86,0.1
44,52,0,0.1,83,99.9,3,88,0.1
42,50,0,0.12,79,99.95,2,84,0.08
45,53,0,0.09,84,99.88,3,90,0.12
41,49,0,0.11,78,99.92,2,83,0.09
43,51,0,0.1,82,99.9,3,87,0.1
44,52,0,0.13,85,99.87,4,89,0.11
42,50,0,0.08,80,99.93,3,85,0.07
46,54,0,0.1,86,99.85,3,91,0.13
43,51,0,0.09,81,99.91,2,86,0.1
40,48,0,0.12,77,99.94,2,82,0.09
45,53,0,0.11,84,99.89,3,90,0.12
44,52,0,0.1,83,99.9,3,88,0.1
42,50,0,0.1,79,99.92,2,84,0.08
43,51,0,0.11,82,99.9,3,87,0.11
47,55,0,0.1,87,99.86,4,92,0.12
41,49,0,0.09,78,99.93,2,83,0.08
43,51,0,0.1,81,99.9,3,86,0.1
44,52,1,0.12,84,99.88,3,89,0.11
42,50,0,0.1,80,99.91,3,85,0.09
45,52,0,0.1,83,99.9,3,88,0.1
43,51,0,0.11,82,99.89,3,87,0.1
44,53,0,0.1,84,99.9,3,89,0.11
42,49,0,0.09,79,99.92,2,84,0.08
43,51,0,0.1,81,99.9,3,86,0.1
46,54,0,0.12,86,99.87,4,91,0.13
41,50,0,0.1,78,99.93,2,83,0.09
44,52,0,0.1,83,99.9,3,88,0.1
43,51,0,0.11,82,99.9,3,87,0.1
45,53,0,0.1,85,99.88,3,90,0.12
